,trade_id,entry_date,exit_date,direction,entry_price,exit_price,quantity,pnl,realized_pnl,fees,notes
0,1,1990-04-24,1990-04-26,Short,331.04998779296875,332.0299987792969,100,-98.0010986328125,-98.0010986328125,0.0,
1,2,1990-04-30,1990-05-02,Short,329.1099853515625,332.25,100,-314.00146484375,-412.0025634765625,0.0,
2,3,1990-05-14,1990-05-25,Short,352.0,358.4100036621094,100,-641.0003662109375,-1053.0029296875,0.0,
3,4,1990-05-29,1990-06-01,Short,354.5799865722656,361.260009765625,100,-668.0023193359375,-1721.0052490234375,0.0,
4,5,1990-06-05,1990-06-07,Short,367.3999938964844,365.9200134277344,100,147.998046875,-1573.0072021484375,0.0,
5,6,1990-06-08,1990-07-05,Short,363.1499938964844,360.1600036621094,100,298.9990234375,-1274.0081787109375,0.0,
6,7,1990-07-09,1990-07-10,Short,358.4200134277344,359.5199890136719,100,-109.99755859375,-1384.0057373046875,0.0,
7,8,1990-07-13,1990-07-17,Short,365.45001220703125,368.95001220703125,100,-350.0,-1734.0057373046875,0.0,
8,9,1990-07-18,1990-09-12,Short,367.5199890136719,321.0400085449219,100,4647.998046875,2913.9923095703125,0.0,
9,10,1990-10-01,1990-10-26,Short,306.1000061035156,310.1700134277344,100,-407.000732421875,2506.9915771484375,0.0,
10,11,1990-10-30,1990-10-31,Short,301.8800048828125,304.05999755859375,100,-217.999267578125,2288.9923095703125,0.0,
11,12,1991-01-10,1991-01-14,Short,311.510009765625,315.2300109863281,100,-372.0001220703125,1916.9921875,0.0,
12,13,1991-01-15,1991-01-16,Short,312.489990234375,313.7300109863281,100,-124.0020751953125,1792.9901123046875,0.0,
13,14,1991-01-17,1991-03-12,Short,316.25,372.9599914550781,100,-5670.9991455078125,-3878.009033203125,0.0,
14,15,1991-03-15,1991-03-18,Short,373.5,373.5899963378906,100,-8.9996337890625,-3887.0086669921875,0.0,
15,16,1991-04-08,1991-04-09,Short,375.3500061035156,378.6499938964844,100,-329.998779296875,-4217.0074462890625,0.0,
16,17,1991-04-10,1991-04-11,Short,373.57000732421875,373.1499938964844,100,42.0013427734375,-4175.006103515625,0.0,
17,18,1991-04-12,1991-04-16,Short,377.6499938964844,381.19000244140625,100,-354.0008544921875,-4529.0069580078125,0.0,
18,19,1991-04-17,1991-04-23,Short,387.6199951171875,380.95001220703125,100,666.998291015625,-3862.0086669921875,0.0,
19,20,1991-05-02,1991-05-03,Short,380.2900085449219,380.5199890136719,100,-22.998046875,-3885.0067138671875,0.0,
20,21,1991-05-16,1991-05-17,Short,368.57000732421875,372.19000244140625,100,-361.99951171875,-4247.0062255859375,0.0,
21,22,1991-07-02,1991-07-03,Short,377.9200134277344,377.4700012207031,100,45.001220703125,-4202.0050048828125,0.0,
22,23,1991-07-05,1991-07-18,Short,373.3399963378906,381.17999267578125,100,-783.9996337890625,-4986.004638671875,0.0,
23,24,1991-08-20,1991-09-10,Short,376.4700012207031,388.57000732421875,100,-1210.0006103515625,-6196.0052490234375,0.0,
24,25,1991-09-11,1991-09-12,Short,384.55999755859375,385.0899963378906,100,-52.9998779296875,-6249.005126953125,0.0,
25,26,1991-10-16,1991-10-21,Short,391.010009765625,392.489990234375,100,-147.998046875,-6397.003173828125,0.0,
26,27,1991-10-23,1991-10-24,Short,387.8299865722656,387.94000244140625,100,-11.0015869140625,-6408.0047607421875,0.0,
27,28,1991-10-25,1991-11-12,Short,385.07000732421875,393.1199951171875,100,-804.998779296875,-7213.0035400390625,0.0,
28,29,1991-11-13,1991-11-15,Short,396.739990234375,397.1499938964844,100,-41.0003662109375,-7254.00390625,0.0,
29,30,1991-11-18,1991-12-17,Short,382.6199951171875,384.4599914550781,100,-183.9996337890625,-7438.0035400390625,0.0,
30,31,1991-12-24,1992-01-14,Short,396.82000732421875,414.3399963378906,100,-1751.9989013671875,-9190.00244140625,0.0,
31,32,1992-01-15,1992-01-16,Short,420.45001220703125,420.7699890136719,100,-31.9976806640625,-9222.000122070312,0.0,
32,33,1992-01-23,1992-01-27,Short,418.1300048828125,415.44000244140625,100,269.000244140625,-8952.999877929688,0.0,
33,34,1992-01-30,1992-01-31,Short,410.3399963378906,411.6499938964844,100,-130.999755859375,-9083.999633789062,0.0,
34,35,1992-02-24,1992-02-25,Short,411.4599914550781,412.2699890136719,100,-80.999755859375,-9164.999389648438,0.0,
35,36,1992-04-08,1992-05-08,Short,398.04998779296875,415.8699951171875,100,-1782.000732421875,-10947.000122070312,0.0,
36,37,1992-06-18,1992-06-24,Short,402.260009765625,404.04998779296875,100,-178.997802734375,-11125.997924804688,0.0,
37,38,1992-07-06,1992-07-16,Short,411.7699890136719,417.0400085449219,100,-527.001953125,-11652.999877929688,0.0,
38,39,1992-07-20,1992-07-24,Short,415.6199951171875,412.07000732421875,100,354.998779296875,-11298.001098632812,0.0,
39,40,1992-07-30,1992-08-03,Short,422.20001220703125,424.19000244140625,100,-198.9990234375,-11497.000122070312,0.0,
40,41,1992-08-25,1992-08-31,Short,410.7300109863281,414.8699951171875,100,-413.9984130859375,-11910.99853515625,0.0,
41,42,1992-09-16,1992-09-25,Short,419.7099914550781,418.4700012207031,100,123.9990234375,-11786.99951171875,0.0,
42,43,1992-09-28,1992-10-01,Short,414.3500061035156,417.79998779296875,100,-344.9981689453125,-12131.997680664062,0.0,
43,44,1992-10-05,1992-10-29,Short,410.4700012207031,420.1499938964844,100,-967.999267578125,-13099.996948242188,0.0,
44,45,1992-12-21,1992-12-22,Short,441.260009765625,440.70001220703125,100,55.999755859375,-13043.997192382812,0.0,
45,46,1992-12-23,1992-12-24,Short,440.2900085449219,439.0299987792969,100,126.0009765625,-12917.996215820312,0.0,
46,47,1992-12-30,1992-12-31,Short,437.9800109863281,438.82000732421875,100,-83.9996337890625,-13001.995849609375,0.0,
47,48,1993-01-04,1993-01-07,Short,435.70001220703125,434.5199890136719,100,118.0023193359375,-12883.993530273438,0.0,
48,49,1993-01-08,1993-02-01,Short,430.7300109863281,438.7799987792969,100,-804.998779296875,-13688.992309570312,0.0,
49,50,1993-02-02,1993-02-03,Short,442.5199890136719,442.55999755859375,100,-4.0008544921875,-13692.9931640625,0.0,
50,51,1993-02-04,1993-02-09,Short,447.20001220703125,448.0400085449219,100,-83.9996337890625,-13776.992797851562,0.0,
51,52,1993-02-10,1993-02-11,Short,445.3299865722656,446.2099914550781,100,-88.00048828125,-13864.993286132812,0.0,
52,53,1993-02-17,1993-03-24,Short,433.92999267578125,448.7099914550781,100,-1477.9998779296875,-15342.9931640625,0.0,
53,54,1993-03-30,1993-03-31,Short,450.7900085449219,451.9700012207031,100,-117.999267578125,-15460.992431640625,0.0,
54,55,1993-04-05,1993-04-08,Short,441.4200134277344,442.7099914550781,100,-128.997802734375,-15589.990234375,0.0,
55,56,1993-04-13,1993-04-15,Short,448.4100036621094,448.6000061035156,100,-19.000244140625,-15608.990478515625,0.0,
56,57,1993-04-23,1993-04-26,Short,439.489990234375,437.0299987792969,100,245.9991455078125,-15362.991333007812,0.0,
57,58,1993-04-27,1993-05-03,Short,433.5199890136719,440.19000244140625,100,-667.0013427734375,-16029.99267578125,0.0,
58,59,1993-05-04,1993-05-05,Short,442.5799865722656,443.9800109863281,100,-140.00244140625,-16169.9951171875,0.0,
59,60,1993-05-20,1993-06-09,Short,447.57000732421875,444.7099914550781,100,286.0015869140625,-15883.993530273438,0.0,
60,61,1993-09-09,1993-10-08,Short,456.6499938964844,459.17999267578125,100,-252.9998779296875,-16136.993408203125,0.0,
61,62,1993-10-11,1993-10-12,Short,460.30999755859375,461.0400085449219,100,-73.0010986328125,-16209.994506835938,0.0,
62,63,1993-11-04,1993-12-03,Short,463.0199890136719,463.1300048828125,100,-11.0015869140625,-16220.99609375,0.0,
63,64,1994-01-11,1994-01-12,Short,475.2699890136719,474.1300048828125,100,113.9984130859375,-16106.997680664062,0.0,
64,65,1994-01-13,1994-01-19,Short,474.1700134277344,474.25,100,-7.9986572265625,-16114.996337890625,0.0,
65,66,1994-01-28,1994-03-18,Short,477.04998779296875,470.8900146484375,100,615.997314453125,-15498.9990234375,0.0,
66,67,1994-03-29,1994-05-04,Short,460.0,453.0400085449219,100,695.9991455078125,-14802.999877929688,0.0,
67,68,1994-06-27,1994-07-19,Short,442.7799987792969,455.2200012207031,100,-1244.000244140625,-16047.000122070312,0.0,
68,69,1994-08-29,1994-12-14,Short,473.8900146484375,450.04998779296875,100,2384.002685546875,-13662.997436523438,0.0,
69,70,1994-12-15,1994-12-16,Short,454.9700012207031,455.3500061035156,100,-38.00048828125,-13700.997924804688,0.0,
70,71,1995-02-06,1995-02-09,Short,478.6400146484375,481.19000244140625,100,-254.998779296875,-13955.996704101562,0.0,
71,72,1995-03-01,1995-03-03,Short,487.3900146484375,485.1300048828125,100,226.0009765625,-13729.995727539062,0.0,
72,73,1995-03-08,1995-03-21,Short,482.1199951171875,496.1499938964844,100,-1402.9998779296875,-15132.99560546875,0.0,
73,74,1995-03-22,1995-03-24,Short,495.07000732421875,496.07000732421875,100,-100.0,-15232.99560546875,0.0,
74,75,1995-03-27,1995-03-29,Short,500.9700012207031,503.9200134277344,100,-295.001220703125,-15527.996826171875,0.0,
75,76,1995-03-30,1995-04-13,Short,503.1700134277344,507.19000244140625,100,-401.9989013671875,-15929.995727539062,0.0,
76,77,1995-04-18,1995-05-02,Short,506.42999267578125,514.22998046875,100,-779.998779296875,-16709.994506835938,0.0,
77,78,1995-05-04,1995-06-22,Short,520.47998046875,543.97998046875,100,-2350.0,-19059.994506835938,0.0,
78,79,1995-06-23,1995-06-26,Short,551.0700073242188,549.7100219726562,100,135.99853515625,-18923.995971679688,0.0,
79,80,1995-06-27,1995-07-05,Short,544.1099853515625,547.0900268554688,100,-298.004150390625,-19222.000122070312,0.0,
80,81,1995-07-07,1995-07-10,Short,553.9000244140625,556.3699951171875,100,-246.9970703125,-19468.997192382812,0.0,
81,82,1995-07-19,1995-08-08,Short,556.5800170898438,560.030029296875,100,-345.001220703125,-19813.998413085938,0.0,
82,83,1995-09-28,1995-10-09,Short,581.0399780273438,582.489990234375,100,-145.001220703125,-19958.999633789062,0.0,
83,84,1995-10-10,1995-10-25,Short,578.3699951171875,586.5399780273438,100,-816.998291015625,-20775.997924804688,0.0,
84,85,1995-10-26,1995-11-13,Short,582.469970703125,592.719970703125,100,-1025.0,-21800.997924804688,0.0,
85,86,1995-12-08,1995-12-12,Short,616.1699829101562,619.52001953125,100,-335.003662109375,-22136.001586914062,0.0,
86,87,1995-12-15,1996-03-27,Short,616.9199829101562,652.969970703125,100,-3604.998779296875,-25741.000366210938,0.0,
87,88,1996-05-09,1996-05-20,Short,644.77001953125,668.9099731445312,100,-2413.995361328125,-28154.995727539062,0.0,
88,89,1996-05-30,1996-06-05,Short,667.9299926757812,672.5599975585938,100,-463.00048828125,-28617.996215820312,0.0,
89,90,1996-06-10,1996-06-13,Short,673.3099975585938,669.0399780273438,100,427.001953125,-28190.994262695312,0.0,
90,91,1996-07-12,1996-08-12,Short,645.6699829101562,662.0999755859375,100,-1642.999267578125,-29833.993530273438,0.0,
91,92,1996-10-30,1996-10-31,Short,701.5,700.9000244140625,100,59.99755859375,-29773.995971679688,0.0,
92,93,1996-11-01,1996-11-22,Short,705.27001953125,742.75,100,-3747.998046875,-33521.99401855469,0.0,
93,94,1996-11-26,1997-01-21,Short,757.030029296875,776.7000122070312,100,-1966.998291015625,-35488.99230957031,0.0,
94,95,1997-01-22,1997-01-23,Short,782.719970703125,786.22998046875,100,-351.0009765625,-35839.99328613281,0.0,
95,96,1997-01-24,1997-02-05,Short,777.5599975585938,789.260009765625,100,-1170.001220703125,-37009.99450683594,0.0,
96,97,1997-02-06,1997-02-20,Short,778.280029296875,812.489990234375,100,-3420.99609375,-40430.99060058594,0.0,
97,98,1997-02-21,1997-02-24,Short,802.7999877929688,801.77001953125,100,102.996826171875,-40327.99377441406,0.0,
98,99,1997-02-27,1997-03-05,Short,805.6799926757812,790.9500122070312,100,1472.998046875,-38854.99572753906,0.0,
99,100,1997-03-06,1997-03-07,Short,801.989990234375,798.5599975585938,100,342.999267578125,-38511.99645996094,0.0,
100,101,1997-03-14,1997-03-17,Short,789.5599975585938,793.1699829101562,100,-360.99853515625,-38872.99499511719,0.0,
101,102,1997-03-18,1997-03-24,Short,795.7100219726562,784.0999755859375,100,1161.004638671875,-37711.99035644531,0.0,
102,103,1997-03-25,1997-03-27,Short,790.8900146484375,790.5,100,39.00146484375,-37672.98889160156,0.0,
103,104,1997-03-31,1997-04-28,Short,773.8800048828125,765.3699951171875,100,851.0009765625,-36821.98791503906,0.0,
104,105,1997-04-30,1997-05-29,Short,794.0499877929688,847.2100219726562,100,-5316.00341796875,-42137.99133300781,0.0,
105,106,1997-06-02,1997-06-03,Short,848.280029296875,846.3599853515625,100,192.00439453125,-41945.98693847656,0.0,
106,107,1997-06-25,1997-08-01,Short,896.3400268554688,954.2899780273438,100,-5794.9951171875,-47740.98205566406,0.0,
107,108,1997-08-04,1997-08-05,Short,947.1400146484375,950.2999877929688,100,-315.997314453125,-48056.97937011719,0.0,
108,109,1997-08-11,1997-09-22,Short,933.5399780273438,950.510009765625,100,-1697.003173828125,-49753.98254394531,0.0,
109,110,1997-10-22,1997-10-23,Short,972.280029296875,968.489990234375,100,379.00390625,-49374.97863769531,0.0,
110,111,1997-10-24,1997-11-24,Short,950.6900024414062,963.0900268554688,100,-1240.00244140625,-50614.98107910156,0.0,
111,112,1998-01-12,1998-01-27,Short,927.6900024414062,956.9500122070312,100,-2926.0009765625,-53540.98205566406,0.0,
112,113,1998-01-28,1998-01-29,Short,969.02001953125,977.4600219726562,100,-844.000244140625,-54384.98229980469,0.0,
113,114,1998-01-30,1998-02-02,Short,985.489990234375,980.280029296875,100,520.99609375,-53863.98620605469,0.0,
114,115,1998-02-03,1998-02-04,Short,1001.27001953125,1006.0,100,-472.998046875,-54336.98425292969,0.0,
115,116,1998-03-30,1998-03-31,Short,1095.43994140625,1093.550048828125,100,188.9892578125,-54147.99499511719,0.0,
116,117,1998-04-01,1998-04-23,Short,1101.75,1130.5400390625,100,-2879.00390625,-57026.99890136719,0.0,
117,118,1998-04-24,1998-05-26,Short,1119.5799560546875,1110.469970703125,100,910.99853515625,-56116.00036621094,0.0,
118,119,1998-05-27,1998-06-10,Short,1094.02001953125,1118.4100341796875,100,-2439.00146484375,-58555.00183105469,0.0,
119,120,1998-06-11,1998-07-01,Short,1112.280029296875,1133.8399658203125,100,-2155.99365234375,-60710.99548339844,0.0,
120,121,1998-07-02,1998-07-06,Short,1148.56005859375,1146.4200439453125,100,214.00146484375,-60496.99401855469,0.0,
121,122,1998-07-24,1998-10-20,Short,1139.75,1062.3900146484375,100,7735.99853515625,-52760.99548339844,0.0,
122,123,1998-12-16,1998-12-17,Short,1162.8299560546875,1161.93994140625,100,89.00146484375,-52671.99401855469,0.0,
123,124,1998-12-18,1998-12-21,Short,1179.97998046875,1188.030029296875,100,-805.0048828125,-53476.99890136719,0.0,
124,125,1998-12-22,1998-12-28,Short,1202.8399658203125,1226.27001953125,100,-2343.00537109375,-55820.00427246094,0.0,
125,126,1999-01-05,1999-03-10,Short,1228.0999755859375,1279.8399658203125,100,-5173.9990234375,-60994.00329589844,0.0,
126,127,1999-04-15,1999-05-21,Short,1328.43994140625,1338.8299560546875,100,-1039.00146484375,-62033.00476074219,0.0,
127,128,1999-05-26,1999-06-04,Short,1284.4000244140625,1299.5400390625,100,-1514.00146484375,-63547.00622558594,0.0,
128,129,1999-07-30,1999-09-13,Short,1341.030029296875,1351.6600341796875,100,-1063.00048828125,-64610.00671386719,0.0,
129,130,1999-09-24,1999-11-09,Short,1280.4100341796875,1377.010009765625,100,-9659.99755859375,-74270.00427246094,0.0,
130,131,2000-01-05,2000-05-03,Short,1399.4200439453125,1446.2900390625,100,-4686.99951171875,-78957.00378417969,0.0,
131,132,2000-05-04,2000-05-05,Short,1415.0999755859375,1409.5699462890625,100,553.0029296875,-78404.00085449219,0.0,
132,133,2000-09-21,2000-11-08,Short,1451.3399658203125,1431.8699951171875,100,1946.9970703125,-76457.00378417969,0.0,
133,134,2000-11-10,2000-11-22,Short,1400.1400146484375,1347.3499755859375,100,5279.00390625,-71177.99987792969,0.0,
134,135,2000-12-06,2000-12-13,Short,1376.5400390625,1371.1800537109375,100,535.99853515625,-70642.00134277344,0.0,
135,136,2000-12-18,2000-12-19,Short,1312.1500244140625,1322.9599609375,100,-1080.99365234375,-71722.99499511719,0.0,
136,137,2000-12-20,2000-12-29,Short,1305.5999755859375,1334.219970703125,100,-2861.99951171875,-74584.99450683594,0.0,
137,138,2001-01-03,2001-01-16,Short,1283.27001953125,1318.3199462890625,100,-3504.99267578125,-78089.98718261719,0.0,
138,139,2001-02-26,2001-03-09,Short,1245.8599853515625,1264.739990234375,100,-1888.00048828125,-79977.98767089844,0.0,
139,140,2001-03-12,2001-04-26,Short,1233.4200439453125,1228.75,100,467.00439453125,-79510.98327636719,0.0,
140,141,2001-07-13,2001-07-23,Short,1208.1400146484375,1210.8499755859375,100,-270.99609375,-79781.97937011719,0.0,
141,142,2001-07-24,2001-07-31,Short,1191.030029296875,1204.52001953125,100,-1348.9990234375,-81130.97839355469,0.0,
142,143,2001-08-31,2001-09-17,Short,1129.030029296875,1092.5400390625,100,3648.9990234375,-77481.97937011719,0.0,
143,144,2001-09-18,2001-10-16,Short,1038.77001953125,1089.97998046875,100,-5120.99609375,-82602.97546386719,0.0,
144,145,2002-01-30,2002-03-14,Short,1100.6400146484375,1154.0899658203125,100,-5344.9951171875,-87947.97058105469,0.0,
145,146,2002-04-17,2002-04-18,Short,1128.3699951171875,1126.0699462890625,100,230.0048828125,-87717.96569824219,0.0,
146,147,2002-04-19,2002-04-22,Short,1124.469970703125,1125.1700439453125,100,-70.00732421875,-87787.97302246094,0.0,
147,148,2002-04-29,2002-05-30,Short,1076.3199462890625,1067.6600341796875,100,865.9912109375,-86921.98181152344,0.0,
148,149,2002-06-04,2002-06-06,Short,1040.6800537109375,1049.9000244140625,100,-921.9970703125,-87843.97888183594,0.0,
149,150,2002-06-07,2002-08-20,Short,1029.1500244140625,950.7000122070312,100,7845.001220703125,-79998.97766113281,0.0,
150,151,2002-10-07,2002-10-31,Short,800.5800170898438,890.7100219726562,100,-9013.00048828125,-89011.97814941406,0.0,
151,152,2003-01-28,2003-02-21,Short,847.47998046875,837.0999755859375,100,1038.00048828125,-87973.97766113281,0.0,
152,153,2003-02-24,2003-03-03,Short,848.1699829101562,841.1500244140625,100,701.995849609375,-87271.98181152344,0.0,
153,154,2003-03-14,2003-04-07,Short,831.8900146484375,878.8499755859375,100,-4695.99609375,-91967.97790527344,0.0,
154,155,2003-04-08,2003-04-09,Short,879.9299926757812,878.2899780273438,100,164.00146484375,-91803.97644042969,0.0,
155,156,2003-04-10,2003-04-11,Short,865.989990234375,871.5800170898438,100,-559.002685546875,-92362.97912597656,0.0,
156,157,2003-06-09,2003-06-11,Short,987.760009765625,984.8400268554688,100,291.998291015625,-92070.98083496094,0.0,
157,158,2003-06-16,2003-06-19,Short,988.6099853515625,1010.0900268554688,100,-2148.004150390625,-94218.98498535156,0.0,
158,159,2003-06-20,2003-06-23,Short,994.7000122070312,995.6900024414062,100,-98.9990234375,-94317.98400878906,0.0,
159,160,2003-06-24,2003-06-25,Short,981.6400146484375,983.4500122070312,100,-180.999755859375,-94498.98376464844,0.0,
160,161,2003-06-26,2003-06-27,Short,975.3200073242188,985.8200073242188,100,-1050.0,-95548.98376464844,0.0,
161,162,2003-06-30,2003-07-01,Short,976.219970703125,974.5,100,171.9970703125,-95376.98669433594,0.0,
162,163,2003-07-02,2003-07-07,Short,982.3200073242188,985.7000122070312,100,-338.00048828125,-95714.98718261719,0.0,
163,164,2003-07-08,2003-07-09,Short,1004.4199829101562,1007.8400268554688,100,-342.00439453125,-96056.99157714844,0.0,
164,165,2003-07-11,2003-07-14,Short,988.7000122070312,998.1400146484375,100,-944.000244140625,-97000.99182128906,0.0,
165,166,2003-07-15,2003-07-24,Short,1003.8599853515625,988.6099853515625,100,1525.0,-95475.99182128906,0.0,
166,167,2003-07-25,2003-07-31,Short,981.5999755859375,987.489990234375,100,-589.00146484375,-96064.99328613281,0.0,
167,168,2003-08-05,2003-08-11,Short,982.8200073242188,977.5900268554688,100,522.998046875,-95541.99523925781,0.0,
168,169,2003-09-25,2003-10-16,Short,1009.3800048828125,1046.760009765625,100,-3738.00048828125,-99279.99572753906,0.0,
169,170,2003-10-20,2003-10-21,Short,1039.3199462890625,1044.6800537109375,100,-536.0107421875,-99816.00646972656,0.0,
170,171,2003-10-29,2003-10-30,Short,1046.7900390625,1048.1099853515625,100,-131.99462890625,-99948.00109863281,0.0,
171,172,2003-11-21,2003-11-24,Short,1033.6500244140625,1035.280029296875,100,-163.00048828125,-100111.00158691406,0.0,
172,173,2003-11-25,2003-11-28,Short,1052.0799560546875,1058.449951171875,100,-636.99951171875,-100748.00109863281,0.0,
173,174,2003-12-16,2003-12-17,Short,1068.0400390625,1075.1300048828125,100,-708.99658203125,-101456.99768066406,0.0,
174,175,2004-01-16,2004-01-20,Short,1132.050048828125,1139.8299560546875,100,-777.99072265625,-102234.98840332031,0.0,
175,176,2004-01-22,2004-02-26,Short,1147.6199951171875,1143.6700439453125,100,394.9951171875,-101839.99328613281,0.0,
176,177,2004-03-11,2004-04-08,Short,1123.8900146484375,1140.530029296875,100,-1664.00146484375,-103503.99475097656,0.0,
177,178,2004-04-12,2004-04-13,Short,1139.3199462890625,1145.199951171875,100,-588.00048828125,-104091.99523925781,0.0,
178,179,2004-04-14,2004-04-19,Short,1129.43994140625,1134.56005859375,100,-512.01171875,-104604.00695800781,0.0,
179,180,2004-04-21,2004-04-22,Short,1118.1500244140625,1124.0899658203125,100,-593.994140625,-105198.00109863281,0.0,
180,181,2004-04-23,2004-04-28,Short,1139.9300537109375,1138.1099853515625,100,182.0068359375,-105015.99426269531,0.0,
181,182,2004-04-29,2004-05-28,Short,1122.4100341796875,1121.280029296875,100,113.00048828125,-104902.99377441406,0.0,
182,183,2004-07-22,2004-08-25,Short,1093.8800048828125,1096.18994140625,100,-230.99365234375,-105133.98742675781,0.0,
183,184,2004-08-26,2004-08-27,Short,1104.9599609375,1105.0899658203125,100,-13.00048828125,-105146.98791503906,0.0,
184,185,2004-10-11,2004-10-12,Short,1122.1400146484375,1124.3900146484375,100,-225.0,-105371.98791503906,0.0,
185,186,2004-10-14,2004-11-17,Short,1113.6500244140625,1175.4300537109375,100,-6178.0029296875,-111549.99084472656,0.0,
186,187,2004-12-10,2004-12-13,Short,1189.239990234375,1188.0,100,123.9990234375,-111425.99182128906,0.0,
187,188,2005-01-05,2005-01-07,Short,1188.050048828125,1187.8900146484375,100,16.00341796875,-111409.98840332031,0.0,
188,189,2005-01-11,2005-02-03,Short,1190.25,1193.18994140625,100,-293.994140625,-111703.98254394531,0.0,
189,190,2005-02-07,2005-02-08,Short,1203.030029296875,1201.719970703125,100,131.005859375,-111572.97668457031,0.0,
190,191,2005-02-28,2005-04-12,Short,1211.3699951171875,1181.2099609375,100,3016.00341796875,-108556.97326660156,0.0,
191,192,2005-04-13,2005-05-23,Short,1187.760009765625,1189.280029296875,100,-152.001953125,-108708.97521972656,0.0,
192,193,2005-07-08,2005-07-14,Short,1197.8699951171875,1223.2900390625,100,-2542.00439453125,-111250.97961425781,0.0,
193,194,2005-07-22,2005-07-25,Short,1227.0400390625,1233.6800537109375,100,-664.00146484375,-111914.98107910156,0.0,
194,195,2005-08-11,2005-08-22,Short,1229.1300048828125,1219.7099609375,100,942.00439453125,-110972.97668457031,0.0,
195,196,2005-08-23,2005-08-29,Short,1221.72998046875,1205.0999755859375,100,1663.00048828125,-109309.97619628906,0.0,
196,197,2005-08-30,2005-09-13,Short,1212.280029296875,1240.5699462890625,100,-2828.99169921875,-112138.96789550781,0.0,
197,198,2005-09-21,2005-10-04,Short,1221.3399658203125,1226.699951171875,100,-535.99853515625,-112674.96643066406,0.0,
198,199,2005-10-05,2005-11-09,Short,1214.469970703125,1218.5899658203125,100,-411.99951171875,-113086.96594238281,0.0,
199,200,2005-11-11,2005-11-14,Short,1230.9599609375,1234.719970703125,100,-376.0009765625,-113462.96691894531,0.0,
200,201,2006-01-23,2006-02-02,Short,1261.489990234375,1282.4599609375,100,-2096.9970703125,-115559.96398925781,0.0,
201,202,2006-02-03,2006-02-07,Short,1270.8399658203125,1265.02001953125,100,581.99462890625,-114977.96936035156,0.0,
202,203,2006-02-08,2006-02-28,Short,1254.780029296875,1294.1199951171875,100,-3933.99658203125,-118911.96594238281,0.0,
203,204,2006-03-01,2006-03-20,Short,1280.6600341796875,1307.25,100,-2658.99658203125,-121570.96252441406,0.0,
204,205,2006-04-04,2006-05-09,Short,1297.81005859375,1324.6600341796875,100,-2684.99755859375,-124255.96008300781,0.0,
205,206,2006-05-15,2006-05-17,Short,1291.18994140625,1291.72998046875,100,-54.00390625,-124309.96398925781,0.0,
206,207,2006-05-18,2006-06-29,Short,1270.25,1245.93994140625,100,2431.005859375,-121878.95812988281,0.0,
207,208,2006-06-30,2006-07-05,Short,1272.8599853515625,1280.050048828125,100,-719.00634765625,-122597.96447753906,0.0,
208,209,2006-07-25,2006-08-01,Short,1260.9100341796875,1278.530029296875,100,-1761.99951171875,-124359.96398925781,0.0,
209,210,2006-11-02,2006-11-03,Short,1367.43994140625,1367.31005859375,100,12.98828125,-124346.97570800781,0.0,
210,211,2006-11-06,2006-11-21,Short,1364.27001953125,1400.4300537109375,100,-3616.00341796875,-127962.97912597656,0.0,
211,212,2006-11-30,2006-12-14,Short,1399.469970703125,1413.1600341796875,100,-1369.00634765625,-129331.98547363281,0.0,
212,213,2006-12-15,2006-12-18,Short,1425.47998046875,1427.0799560546875,100,-159.99755859375,-129491.98303222656,0.0,
213,214,2006-12-20,2006-12-21,Short,1425.510009765625,1423.199951171875,100,231.005859375,-129260.97717285156,0.0,
214,215,2007-01-04,2007-01-18,Short,1416.5999755859375,1430.5899658203125,100,-1398.9990234375,-130659.97619628906,0.0,
215,216,2007-01-26,2007-02-06,Short,1423.9000244140625,1446.97998046875,100,-2307.99560546875,-132967.9718017578,0.0,
216,217,2007-02-15,2007-02-16,Short,1455.1500244140625,1456.77001953125,100,-161.99951171875,-133129.97131347656,0.0,
217,218,2007-02-28,2007-04-05,Short,1398.6400146484375,1438.93994140625,100,-4029.99267578125,-137159.9639892578,0.0,
218,219,2007-05-17,2007-05-18,Short,1514.010009765625,1512.739990234375,100,127.001953125,-137032.9620361328,0.0,
219,220,2007-05-25,2007-06-05,Short,1507.5,1539.1199951171875,100,-3161.99951171875,-140194.96154785156,0.0,
220,221,2007-06-06,2007-07-18,Short,1530.5699462890625,1549.199951171875,100,-1863.00048828125,-142057.9620361328,0.0,
221,222,2007-07-23,2007-07-24,Short,1534.06005859375,1541.5699462890625,100,-750.98876953125,-142808.95080566406,0.0,
222,223,2007-07-25,2007-09-07,Short,1511.030029296875,1478.550048828125,100,3247.998046875,-139560.95275878906,0.0,
223,224,2007-10-25,2007-10-31,Short,1516.1500244140625,1532.1500244140625,100,-1600.0,-141160.95275878906,0.0,
224,225,2007-11-01,2007-12-10,Short,1545.7900390625,1505.1099853515625,100,4068.00537109375,-137092.9473876953,0.0,
225,226,2007-12-12,2007-12-20,Short,1487.5799560546875,1456.4200439453125,100,3115.9912109375,-133976.9561767578,0.0,
226,227,2008-01-10,2008-02-15,Short,1406.780029296875,1347.52001953125,100,5926.0009765625,-128050.95520019531,0.0,
227,228,2008-03-14,2008-04-04,Short,1316.050048828125,1369.8499755859375,100,-5379.99267578125,-133430.94787597656,0.0,
228,229,2008-06-09,2008-08-05,Short,1360.8299560546875,1254.8699951171875,100,10595.99609375,-122834.95178222656,0.0,
229,230,2008-08-06,2008-08-07,Short,1283.989990234375,1286.510009765625,100,-252.001953125,-123086.95373535156,0.0,
230,231,2008-08-11,2008-08-13,Short,1294.4200439453125,1288.6400146484375,100,578.0029296875,-122508.95080566406,0.0,
231,232,2008-09-08,2008-11-10,Short,1249.5,936.75,100,31275.0,-91233.95080566406,0.0,
232,233,2009-03-09,2009-03-10,Short,680.760009765625,679.280029296875,100,147.998046875,-91085.95275878906,0.0,
233,234,2009-03-11,2009-03-17,Short,719.5900268554688,753.8800048828125,100,-3428.997802734375,-94514.95056152344,0.0,
234,235,2009-03-18,2009-04-07,Short,776.010009765625,834.1199951171875,100,-5810.99853515625,-100325.94909667969,0.0,
235,236,2009-08-18,2009-08-19,Short,980.6199951171875,986.8800048828125,100,-626.0009765625,-100951.95007324219,0.0,
236,237,2009-08-20,2009-08-21,Short,996.4099731445312,1009.0599975585938,100,-1265.00244140625,-102216.95251464844,0.0,
237,238,2009-08-24,2009-08-26,Short,1026.5899658203125,1027.3499755859375,100,-76.0009765625,-102292.95349121094,0.0,
238,239,2009-09-02,2009-09-09,Short,996.0700073242188,1025.3599853515625,100,-2928.997802734375,-105221.95129394531,0.0,
239,240,2009-10-02,2009-10-12,Short,1029.7099609375,1071.6300048828125,100,-4192.00439453125,-109413.95568847656,0.0,
240,241,2009-10-23,2009-11-19,Short,1095.6199951171875,1106.43994140625,100,-1081.99462890625,-110495.95031738281,0.0,
241,242,2009-11-20,2009-11-23,Short,1094.6600341796875,1094.8599853515625,100,-19.9951171875,-110515.94543457031,0.0,
242,243,2010-01-22,2010-03-01,Short,1115.489990234375,1105.3599853515625,100,1013.00048828125,-109502.94494628906,0.0,
243,244,2010-04-20,2010-06-17,Short,1199.0400390625,1115.97998046875,100,8306.005859375,-101196.93908691406,0.0,
244,245,2010-09-02,2010-09-03,Short,1080.6600341796875,1093.6099853515625,100,-1294.9951171875,-102491.93420410156,0.0,
245,246,2010-10-21,2010-10-25,Short,1179.8199462890625,1184.739990234375,100,-492.00439453125,-102983.93859863281,0.0,
246,247,2010-11-15,2010-11-16,Short,1200.43994140625,1194.7900390625,100,564.990234375,-102418.94836425781,0.0,
247,248,2010-11-17,2010-12-09,Short,1178.3299560546875,1230.1400146484375,100,-5181.005859375,-107599.95422363281,0.0,
248,249,2011-01-31,2011-02-22,Short,1276.5,1338.9100341796875,100,-6241.00341796875,-113840.95764160156,0.0,
249,250,2011-02-23,2011-04-01,Short,1315.43994140625,1329.47998046875,100,-1404.00390625,-115244.96154785156,0.0,
250,251,2011-05-12,2011-07-26,Short,1339.3900146484375,1337.3900146484375,100,200.0,-115044.96154785156,0.0,
251,252,2011-07-28,2011-09-14,Short,1304.8399658203125,1173.3199462890625,100,13152.001953125,-101892.95959472656,0.0,
252,253,2011-10-04,2011-10-12,Short,1097.4200439453125,1196.18994140625,100,-9876.98974609375,-111769.94934082031,0.0,
253,254,2012-03-30,2012-04-02,Short,1403.31005859375,1408.469970703125,100,-515.9912109375,-112285.94055175781,0.0,
254,255,2012-04-03,2012-07-06,Short,1418.97998046875,1367.0899658203125,100,5189.00146484375,-107096.93908691406,0.0,
255,256,2012-07-30,2012-07-31,Short,1385.93994140625,1385.27001953125,100,66.9921875,-107029.94689941406,0.0,
256,257,2012-08-06,2012-08-07,Short,1391.0400390625,1394.4599609375,100,-341.9921875,-107371.93908691406,0.0,
257,258,2012-10-02,2012-10-31,Short,1444.989990234375,1410.989990234375,100,3400.0,-103971.93908691406,0.0,
258,259,2012-11-01,2012-12-03,Short,1412.199951171875,1416.3399658203125,100,-414.00146484375,-104385.94055175781,0.0,
259,260,2013-01-02,2013-01-10,Short,1426.18994140625,1461.02001953125,100,-3483.0078125,-107868.94836425781,0.0,
260,261,2013-02-26,2013-03-14,Short,1487.8499755859375,1554.52001953125,100,-6667.00439453125,-114535.95275878906,0.0,
261,262,2013-03-21,2013-04-01,Short,1558.7099609375,1569.1800537109375,100,-1047.00927734375,-115582.96203613281,0.0,
262,263,2013-04-04,2013-04-05,Short,1553.68994140625,1559.97998046875,100,-629.00390625,-116211.96594238281,0.0,
263,264,2013-04-08,2013-05-08,Short,1553.260009765625,1625.949951171875,100,-7268.994140625,-123480.96008300781,0.0,
264,265,2013-05-23,2013-07-10,Short,1651.6199951171875,1651.56005859375,100,5.99365234375,-123474.96643066406,0.0,
265,266,2013-08-28,2013-09-16,Short,1630.25,1691.699951171875,100,-6144.9951171875,-129619.96154785156,0.0,
266,267,2013-09-19,2013-09-26,Short,1727.3399658203125,1694.050048828125,100,3328.99169921875,-126290.96984863281,0.0,
267,268,2013-10-04,2013-10-28,Short,1678.7900390625,1759.4200439453125,100,-8063.00048828125,-134353.97033691406,0.0,
268,269,2013-12-19,2013-12-27,Short,1809.0,1842.969970703125,100,-3396.9970703125,-137750.96740722656,0.0,
269,270,2014-01-14,2014-01-23,Short,1821.3599853515625,1842.2900390625,100,-2093.00537109375,-139843.9727783203,0.0,
270,271,2014-01-24,2014-02-28,Short,1826.9599609375,1855.1199951171875,100,-2816.00341796875,-142659.97619628906,0.0,
271,272,2014-03-03,2014-03-07,Short,1857.6800537109375,1878.52001953125,100,-2083.99658203125,-144743.9727783203,0.0,
272,273,2014-03-21,2014-04-03,Short,1874.530029296875,1891.4300537109375,100,-1690.00244140625,-146433.97521972656,0.0,
273,274,2014-04-07,2014-04-24,Short,1863.9200439453125,1881.969970703125,100,-1804.99267578125,-148238.9678955078,0.0,
274,275,2014-07-11,2014-07-14,Short,1965.760009765625,1969.8599853515625,100,-409.99755859375,-148648.96545410156,0.0,
275,276,2014-07-16,2014-08-25,Short,1976.3499755859375,1991.739990234375,100,-1539.00146484375,-150187.9669189453,0.0,
276,277,2014-09-25,2014-11-07,Short,1997.3199462890625,2032.3599853515625,100,-3504.00390625,-153691.9708251953,0.0,
277,278,2014-12-15,2015-02-12,Short,2005.030029296875,2069.97998046875,100,-6494.9951171875,-160186.9659423828,0.0,
278,279,2015-03-19,2015-03-20,Short,2098.68994140625,2090.320068359375,100,836.9873046875,-159349.9786376953,0.0,
279,280,2015-03-23,2015-03-24,Short,2107.989990234375,2103.93994140625,100,405.0048828125,-158944.9737548828,0.0,
280,281,2015-03-26,2015-04-13,Short,2059.93994140625,2102.030029296875,100,-4209.0087890625,-163153.9825439453,0.0,
281,282,2015-05-07,2015-05-18,Short,2079.9599609375,2121.300048828125,100,-4134.0087890625,-167287.9913330078,0.0,
282,283,2015-06-30,2015-07-23,Short,2061.18994140625,2114.159912109375,100,-5296.9970703125,-172584.9884033203,0.0,
283,284,2015-07-27,2015-07-28,Short,2078.18994140625,2070.75,100,743.994140625,-171840.9942626953,0.0,
284,285,2015-07-29,2015-07-31,Short,2094.699951171875,2111.60009765625,100,-1690.0146484375,-173531.0089111328,0.0,
285,286,2015-08-12,2015-08-19,Short,2081.10009765625,2095.68994140625,100,-1458.984375,-174989.9932861328,0.0,
286,287,2015-08-20,2015-09-28,Short,2076.610107421875,1929.1800537109375,100,14743.00537109375,-160246.98791503906,0.0,
287,288,2015-09-29,2015-09-30,Short,1881.9000244140625,1887.1400146484375,100,-523.9990234375,-160770.98693847656,0.0,
288,289,2015-12-07,2016-02-19,Short,2090.419921875,1916.739990234375,100,17367.9931640625,-143402.99377441406,0.0,
289,290,2016-05-17,2016-05-31,Short,2065.0400390625,2100.1298828125,100,-3508.984375,-146911.97814941406,0.0,
290,291,2016-06-27,2016-07-19,Short,2031.449951171875,2163.7900390625,100,-13234.0087890625,-160145.98693847656,0.0,
291,292,2016-09-12,2016-10-19,Short,2120.860107421875,2140.81005859375,100,-1994.9951171875,-162140.98205566406,0.0,
292,293,2016-11-08,2016-11-21,Short,2129.919921875,2186.429931640625,100,-5651.0009765625,-167791.98303222656,0.0,
293,294,2017-02-02,2017-02-07,Short,2276.68994140625,2295.8701171875,100,-1918.017578125,-169710.00061035156,0.0,
294,295,2017-03-02,2017-03-09,Short,2394.75,2363.489990234375,100,3126.0009765625,-166583.99963378906,0.0,
295,296,2017-03-16,2017-03-20,Short,2387.7099609375,2378.239990234375,100,946.9970703125,-165637.00256347656,0.0,
296,297,2017-03-22,2017-05-02,Short,2343.0,2391.050048828125,100,-4805.0048828125,-170442.00744628906,0.0,
297,298,2017-05-19,2017-05-24,Short,2371.3701171875,2401.409912109375,100,-3003.9794921875,-173445.98693847656,0.0,
298,299,2017-06-16,2017-06-19,Short,2431.239990234375,2442.550048828125,100,-1131.005859375,-174576.99279785156,0.0,
299,300,2017-06-20,2017-06-23,Short,2450.659912109375,2434.64990234375,100,1601.0009765625,-172975.99182128906,0.0,
300,301,2017-06-28,2017-07-20,Short,2428.699951171875,2475.56005859375,100,-4686.0107421875,-177662.00256347656,0.0,
301,302,2017-08-15,2017-08-17,Short,2468.659912109375,2462.949951171875,100,570.99609375,-177091.00646972656,0.0,
302,303,2017-08-18,2017-09-14,Short,2427.639892578125,2494.56005859375,100,-6692.0166015625,-183783.02307128906,0.0,
303,304,2017-10-30,2017-12-27,Short,2577.75,2682.10009765625,100,-10435.009765625,-194218.03283691406,0.0,
304,305,2018-01-17,2018-03-15,Short,2784.989990234375,2754.27001953125,100,3071.9970703125,-191146.03576660156,0.0,
305,306,2018-03-27,2018-04-19,Short,2667.570068359375,2701.159912109375,100,-3358.984375,-194505.02014160156,0.0,
306,307,2018-06-29,2018-07-16,Short,2727.1298828125,2797.360107421875,100,-7023.0224609375,-201528.04260253906,0.0,
307,308,2018-08-17,2018-08-21,Short,2838.320068359375,2861.510009765625,100,-2318.994140625,-203847.03674316406,0.0,
308,309,2018-10-05,2018-11-28,Short,2902.5400390625,2691.449951171875,100,21109.0087890625,-182738.02795410156,0.0,
309,310,2018-11-29,2018-11-30,Short,2736.969970703125,2737.760009765625,100,-79.00390625,-182817.03186035156,0.0,
310,311,2018-12-06,2019-01-14,Short,2663.510009765625,2580.31005859375,100,8319.9951171875,-174497.03674316406,0.0,
311,312,2019-03-25,2019-04-04,Short,2796.010009765625,2873.989990234375,100,-7797.998046875,-182295.03479003906,0.0,
312,313,2019-05-07,2019-06-14,Short,2913.030029296875,2886.820068359375,100,2620.99609375,-179674.03869628906,0.0,
313,314,2019-08-02,2019-09-10,Short,2943.89990234375,2971.010009765625,100,-2711.0107421875,-182385.04943847656,0.0,
314,315,2019-10-04,2019-10-18,Short,2918.56005859375,2996.840087890625,100,-7828.0029296875,-190213.05236816406,0.0,
315,316,2019-12-16,2019-12-18,Short,3183.6298828125,3195.2099609375,100,-1158.0078125,-191371.06018066406,0.0,
316,317,2020-01-07,2020-01-22,Short,3241.860107421875,3330.02001953125,100,-8815.9912109375,-200187.05139160156,0.0,
317,318,2020-01-24,2020-04-14,Short,3333.10009765625,2805.10009765625,100,52800.0,-147387.05139160156,0.0,
318,319,2020-06-16,2020-06-19,Short,3131.0,3140.2900390625,100,-929.00390625,-148316.05529785156,0.0,
319,320,2020-06-22,2020-06-23,Short,3094.419921875,3138.699951171875,100,-4428.0029296875,-152744.05822753906,0.0,
320,321,2020-06-29,2020-07-02,Short,3018.590087890625,3143.639892578125,100,-12504.98046875,-165249.03869628906,0.0,
321,322,2020-09-04,2020-10-14,Short,3453.60009765625,3515.469970703125,100,-6186.9873046875,-171436.02600097656,0.0,
322,323,2020-10-30,2020-11-20,Short,3293.590087890625,3579.31005859375,100,-28571.9970703125,-200008.02307128906,0.0,
323,324,2021-01-08,2021-01-15,Short,3815.050048828125,3788.72998046875,100,2632.0068359375,-197376.01623535156,0.0,
324,325,2021-01-19,2021-01-20,Short,3781.8798828125,3816.219970703125,100,-3434.0087890625,-200810.02502441406,0.0,
325,326,2021-01-21,2021-01-22,Short,3857.4599609375,3844.239990234375,100,1321.9970703125,-199488.02795410156,0.0,
326,327,2021-01-28,2021-02-16,Short,3755.75,3939.610107421875,100,-18386.0107421875,-217874.03869628906,0.0,
327,328,2021-02-25,2021-03-31,Short,3915.800048828125,3967.25,100,-5144.9951171875,-223019.03381347656,0.0,
328,329,2021-05-12,2021-06-01,Short,4130.5498046875,4216.52001953125,100,-8597.021484375,-231616.05529785156,0.0,
329,330,2021-07-19,2021-08-09,Short,4296.39990234375,4437.77001953125,100,-14137.01171875,-245753.06701660156,0.0,
330,331,2021-08-24,2021-08-25,Short,4484.39990234375,4490.4501953125,100,-605.029296875,-246358.09631347656,0.0,
331,332,2021-09-14,2021-10-22,Short,4479.330078125,4546.1201171875,100,-6679.00390625,-253037.10021972656,0.0,
332,333,2021-11-29,2022-01-03,Short,4628.75,4778.14013671875,100,-14939.013671875,-267976.11389160156,0.0,
333,334,2022-01-14,2022-01-18,Short,4637.990234375,4632.240234375,100,575.0,-267401.11389160156,0.0,
334,335,2022-01-19,2022-03-22,Short,4588.02978515625,4469.10009765625,100,11892.96875,-255508.14514160156,0.0,
335,336,2022-04-27,2022-06-07,Short,4186.52001953125,4096.47021484375,100,9004.98046875,-246503.16467285156,0.0,
336,337,2022-06-17,2022-06-21,Short,3665.89990234375,3715.31005859375,100,-4941.015625,-251444.18029785156,0.0,
337,338,2022-09-06,2022-11-01,Short,3930.889892578125,3901.7900390625,100,2909.9853515625,-248534.19494628906,0.0,
338,339,2022-11-03,2022-11-04,Short,3733.25,3766.97998046875,100,-3372.998046875,-251907.19299316406,0.0,
339,340,2022-11-11,2022-11-15,Short,3963.719970703125,4006.409912109375,100,-4268.994140625,-256176.18713378906,0.0,
340,341,2023-01-09,2023-01-11,Short,3910.820068359375,3932.35009765625,100,-2153.0029296875,-258329.19006347656,0.0,
341,342,2023-02-10,2023-02-13,Short,4068.919921875,4096.6201171875,100,-2770.01953125,-261099.20959472656,0.0,
342,343,2023-03-13,2023-03-31,Short,3835.1201171875,4056.179931640625,100,-22105.9814453125,-283205.19104003906,0.0,
343,344,2023-06-05,2023-06-07,Short,4282.990234375,4285.47021484375,100,-247.998046875,-283453.18908691406,0.0,
344,345,2023-06-16,2023-06-22,Short,4440.9501953125,4355.39990234375,100,8555.029296875,-274898.15979003906,0.0,
345,346,2023-08-07,2023-09-11,Short,4491.580078125,4480.97998046875,100,1060.009765625,-273838.15002441406,0.0,
346,347,2023-09-27,2023-11-09,Short,4282.6298828125,4391.41015625,100,-10878.02734375,-284716.17736816406,0.0,
347,348,2023-11-15,2023-11-16,Short,4505.2998046875,4497.080078125,100,821.97265625,-283894.20471191406,0.0,
348,349,2024-01-09,2024-01-26,Short,4741.93017578125,4888.91015625,100,-14697.998046875,-298592.20275878906,0.0,
349,350,2024-02-01,2024-02-12,Short,4861.10986328125,5026.830078125,100,-16572.021484375,-315164.22424316406,0.0,
350,351,2024-02-14,2024-03-05,Short,4976.43994140625,5110.52001953125,100,-13408.0078125,-328572.23205566406,0.0,
351,352,2024-03-06,2024-03-26,Short,5108.02978515625,5228.85009765625,100,-12082.03125,-340654.26330566406,0.0,
352,353,2024-04-05,2024-05-13,Short,5158.9501953125,5233.080078125,100,-7412.98828125,-348067.25158691406,0.0,
353,354,2024-07-18,2024-08-28,Short,5608.56005859375,5624.509765625,100,-1594.970703125,-349662.22229003906,0.0,
354,355,2024-09-12,2024-09-13,Short,5557.47998046875,5603.33984375,100,-4585.986328125,-354248.20861816406,0.0,
355,356,2024-11-07,2024-11-29,Short,5947.2099609375,6003.97998046875,100,-5677.001953125,-359925.21057128906,0.0,
356,357,2024-12-19,2025-02-07,Short,5912.7099609375,6083.1298828125,100,-17041.9921875,-376967.20275878906,0.0,
357,358,2025-02-28,2025-05-05,Short,5856.740234375,5655.31982421875,100,20142.041015625,-356825.16174316406,0.0,
358,359,2025-08-05,2025-08-19,Short,6336.6298828125,6446.240234375,100,-10961.03515625,-367786.19689941406,0.0,
359,360,2025-08-25,2025-08-27,Short,6457.669921875,6462.259765625,100,-458.984375,-368245.18127441406,0.0,
360,361,2025-09-03,2025-09-10,Short,6445.81982421875,6550.2900390625,100,-10447.021484375,-378692.20275878906,0.0,
